排名,笔记标题,账号昵称,发布时间,笔记阅读数,笔记商品点击率,笔记支付转化率,笔记成交金额（元）,获取时间
1,我的心理年龄16岁，差了整整10岁🤔,为你而测,2025-10-18,5万-7万,0-5%,50%-70%,￥0-1000,2025-11-18
2,1117-1121周报及基本面财务分析学习资料,股里冲浪之王（大号没了换这个）,2025-11-17,1000-3000,15%-25%,50%-70%,￥0-1000,2025-11-18
3,1113股里冲浪之王交易思考与计划,股里冲浪之王（大号没了换这个）,2025-11-13,3000-5000,5%-15%,50%-70%,￥0-1000,2025-11-18
4,1114思考与计划,股里冲浪之王（大号没了换这个）,2025-11-14,1000-3000,5%-15%,50%-70%,￥0-1000,2025-11-18
5,ENFP越想活得热烈，越被现实浇灭,心晴,2025-11-09,10万以上,0-5%,50%-70%,￥1000-5000,2025-11-18
6,我们高喊无爱者自由…,心晴,2025-11-11,10万以上,0-5%,50%-70%,￥1000-5000,2025-11-18
7,ENFP×年上！这对反骨CP锁死了,xiaoxiao6今天也不想上班,2025-11-15,1000-3000,15%-25%,50%-70%,￥0-1000,2025-11-18
8,怎么知道自己是抑郁，还是单纯不开心呢​？,心理扫码站,2025-10-15,5000-7000,0-5%,50%-70%,￥0-1000,2025-11-18
9,原来我真的没有任何天赋😭,心理交流站,2025-11-15,3万-5万,0-5%,50%-70%,￥0-1000,2025-11-18
10,年上年下测试｜你的隐藏恋爱倾向,xiaoxiao6今天也不想上班,2025-11-09,1万-3万,15%-25%,50%-70%,￥1000-5000,2025-11-18
11,重生回到老公假死当天，这次我直接选择成全,香菜灭绝者,2025-11-17,1000-3000,5%-15%,50%-70%,￥0-1000,2025-11-18
12,什么？对自由的精神需求度85%？！,得心应手。,2025-11-13,10万以上,0-5%,50%-70%,￥1000-5000,2025-11-18
13,我不需要被理解，我只需要被放过,心晴,2025-11-12,1万-3万,0-5%,50%-70%,￥0-1000,2025-11-18
14,恋爱占有欲指数测试免兑换码,元宝家的,2025-11-04,1000-3000,15%-25%,25%-50%,￥0-1000,2025-11-18
15,想不到我还挺有天赋的？,心理交流站,2025-10-23,10万以上,0-5%,25%-50%,￥0-1000,2025-11-18
16,我，笔仙本仙，被室友当小鬼供养,她,2025-11-08,3000-5000,0-5%,25%-50%,￥0-1000,2025-11-18
17,《恶毒炮灰他不想活了》小说txt 完结+番外,柠檬Y,2025-10-17,1000-3000,5%-15%,25%-50%,￥0-1000,2025-11-18
18,如果你怀疑自己正焦虑或抑郁，可以来测一测,情绪心理测试题,2025-09-26,1万-3万,5%-15%,25%-50%,￥1000-5000,2025-11-18
19,1112思考与计划,股里冲浪之王（大号没了换这个）,2025-11-12,3000-5000,5%-15%,25%-50%,￥0-1000,2025-11-18
20,会有人得了焦虑症，自己不知道吗？,身心疗愈心理研究院,2025-10-07,3万-5万,5%-15%,25%-50%,￥0-1000,2025-11-18
21,24种人格力量VIA，谁测谁清醒🌈,元点测试,2025-09-21,1000-3000,5%-15%,25%-50%,￥0-1000,2025-11-18
22,天塌了！测黑暗人格测出个讨好型人格,测测星海,2025-08-26,1000-3000,5%-15%,25%-50%,￥0-1000,2025-11-18
23,WPS会员一天体验卡！学姐的账号给你 速存！,应你所需,2025-11-05,1000-3000,50%-70%,25%-50%,￥0-1000,2025-11-18
24,总在猜 “我是不是双相”？别再自我内耗了,心理解码屋,2025-08-26,1000-3000,5%-15%,25%-50%,￥0-1000,2025-11-18
25,没错，我们低需求淡人是这样的🥲,Ruby,2025-11-17,9000-1万,5%-15%,25%-50%,￥0-1000,2025-11-18
26,金钱面前什么都可以让位！,一二测试,2025-11-15,9000-1万,0-5%,25%-50%,￥0-1000,2025-11-18
27,ENFP天蝎测年上年下恋爱倾向，居然是这样,xiaoxiao6今天也不想上班,2025-11-04,1000-3000,5%-15%,25%-50%,￥0-1000,2025-11-18
28,1111思考与计划,股里冲浪之王（大号没了换这个）,2025-11-11,3000-5000,5%-15%,25%-50%,￥0-1000,2025-11-18
29,我和诡秘一个魔丸一个灵珠！,测测星海,2025-10-05,5000-7000,5%-15%,25%-50%,￥0-1000,2025-11-18
30,双相装不出来的,疗愈心灵的港湾,2025-10-18,9000-1万,5%-15%,25%-50%,￥0-1000,2025-11-18
31,你们都是几级恋爱脑,南瓜心测,2025-11-11,7000-9000,0-5%,25%-50%,￥0-1000,2025-11-18
32,不是抑郁但总是不开心怎么办？,玺宁心理检测站,2025-11-07,3000-5000,0-5%,25%-50%,￥0-1000,2025-11-18
33,是的，我需要创造出爱和有安全感的自由,菲儿---,2025-11-13,9000-1万,0-5%,25%-50%,￥0-1000,2025-11-18
34,焦虑症如果不去看心理老师会越来越严重吗？,身心疗愈心理研究院,2025-09-21,3000-5000,0-5%,25%-50%,￥0-1000,2025-11-18
35,考研政治1994~2025历年真题及答案解析 自取,离雨淬阁,2025-09-08,3000-5000,5%-15%,25%-50%,￥0-1000,2025-11-18
36,26腿姐8套卷,上岸稳学长,2025-10-18,1000-3000,25%-50%,25%-50%,￥0-1000,2025-11-18
37,npd都有个共同点：莫名奇妙找你谈话💬📣,阿梨的心理疗愈站,2025-11-08,3000-5000,0-5%,25%-50%,￥0-1000,2025-11-18
38,4种恋爱人格类型自测，原来我是这样的💘,为你而测,2025-09-23,1万-3万,0-5%,25%-50%,￥0-1000,2025-11-18
39,5分钟在线自测，抑郁焦虑程度,心理扫码站,2025-09-10,1000-3000,5%-15%,25%-50%,￥0-1000,2025-11-18
40,在线五分钟自测焦虑抑郁程度,心理扫码站,2025-08-29,1000-3000,5%-15%,25%-50%,￥0-1000,2025-11-18
41,怀疑自己有抑郁焦虑症，但不敢去医院怕尴尬,Apple身心疗愈研究室,2025-10-11,1000-3000,5%-15%,25%-50%,￥0-1000,2025-11-18
42,会有人得了双相自己毫无察觉吗？,疗愈心灵的港湾,2025-09-08,3000-5000,0-5%,25%-50%,￥0-1000,2025-11-18
43,那些我以为离不开的 也不过如此,元宝家的,2025-11-08,1万-3万,0-5%,25%-50%,￥0-1000,2025-11-18
44,玄学真千金：一卦让假千金破产,她,2025-11-12,1000-3000,5%-15%,25%-50%,￥0-1000,2025-11-18
45,情绪不稳定到这种程度，还是看看心理医生吧,若愚心理观测站,2025-10-17,5000-7000,0-5%,25%-50%,￥0-1000,2025-11-18
46,如果世界是一片漆黑的森林，你选择成为？,小西情绪站,2025-11-07,10万以上,0-5%,25%-50%,￥0-1000,2025-11-18
47,-,元宝家的,2025-11-08,10万以上,0-5%,25%-50%,￥0-1000,2025-11-18
48,可实操版看心理医生详细流程｜抑郁焦虑,多兰.心理测评,2025-08-30,1000-3000,0-5%,25%-50%,￥0-1000,2025-11-18
49,你不需要为母则刚‼️,若愚心理观测站,2025-08-27,3000-5000,5%-15%,25%-50%,￥0-1000,2025-11-18
50,疯狂想吃东西以为是馋呢，原来是焦虑躯体化,玺宁心理检测站,2025-09-19,1万-3万,0-5%,25%-50%,￥0-1000,2025-11-18
51,-,Lucy心理疗愈,2025-11-12,10万以上,0-5%,25%-50%,￥0-1000,2025-11-18
52,我的动物塑是“狼”！,小叶,2025-11-09,10万以上,0-5%,25%-50%,￥0-1000,2025-11-18
53,你的占有欲太弱了 我不喜欢,元宝家的,2025-11-12,7万-10万,0-5%,25%-50%,￥0-1000,2025-11-18
54,石榴不争春，自请下堂去,伴月推📖,2025-11-16,7000-9000,0-5%,25%-50%,￥0-1000,2025-11-18
55,《纪念白求恩》PPT,林礼均,2025-10-30,1000-3000,5%-15%,25%-50%,￥0-1000,2025-11-18
56,-,Galaxy心理疗愈,2025-11-12,3万-5万,0-5%,25%-50%,￥0-1000,2025-11-18
57,别再骂了抑郁躯体化根本装不出来,身心疗愈心理研究院,2025-09-30,5000-7000,0-5%,25%-50%,￥0-1000,2025-11-18
58,《诫子书》PPT,林礼均,2025-10-26,3000-5000,5%-15%,25%-50%,￥1000-5000,2025-11-18
59,考研数学一二三真题及答案解析1994-2025,离雨淬阁,2025-09-17,1000-3000,25%-50%,25%-50%,￥0-1000,2025-11-18
60,我实在是没忍住｜动物塑,心理疗愈研究所测试,2025-11-11,10万以上,0-5%,25%-50%,￥0-1000,2025-11-18
61,WPS超级会员1天体验卡！学生党速领,职场easy,2025-11-05,3000-5000,25%-50%,25%-50%,￥0-1000,2025-11-18
62,准到腿软！你骨子里锁死年上还是年下？,xiaoxiao6今天也不想上班,2025-11-11,1万-3万,5%-15%,25%-50%,￥0-1000,2025-11-18
63,你们都是怎么发现自己的天赋的？,西西的奇思妙想,2025-11-13,10万以上,0-5%,25%-50%,￥0-1000,2025-11-18
64,看心理医生挂什么科？大概要花多少钱？,向日葵心理测试站,2025-11-08,1000-3000,5%-15%,25%-50%,￥0-1000,2025-11-18
65,我死后十五年，回来算账了,饱饱兔,2025-11-16,3000-5000,5%-15%,25%-50%,￥0-1000,2025-11-18
66,怀疑自己有焦虑/抑郁症的，都进来检查一下,若愚心理观测站,2025-09-01,1万-3万,5%-15%,25%-50%,￥0-1000,2025-11-18
67,双相情感障碍是装不出来的,疗愈心灵的港湾,2025-09-21,5000-7000,0-5%,25%-50%,￥0-1000,2025-11-18
68,原生家庭的那些伤，让把爱我的人往外推,元点测试,2025-11-08,5000-7000,5%-15%,25%-50%,￥0-1000,2025-11-18
69,sm测试入口by绳师48号麋鹿性偏好人格,七七素材库,2025-10-30,1000-3000,5%-15%,25%-50%,￥0-1000,2025-11-18
70,《西江的船》复仇｜酸涩｜破镜重圆,柠檬dhd,2025-11-05,3000-5000,5%-15%,25%-50%,￥0-1000,2025-11-18
71,你以为正常，其实是躯体化的行为,春树wrc,2025-11-03,5万-7万,0-5%,25%-50%,￥0-1000,2025-11-18
72,SCL-90焦虑抑郁测试，现在现场出结果,Lullaby心理疗愈,2025-10-02,5000-7000,15%-25%,25%-50%,￥0-1000,2025-11-18
73,如果一个人爱笑，那她内心深处一定很悲伤,身心疗愈研究院whh,2025-11-04,3000-5000,0-5%,25%-50%,￥0-1000,2025-11-18
74,人格障碍诊断-测出我们的人格障碍面,心理交流站,2025-10-03,1000-3000,5%-15%,25%-50%,￥0-1000,2025-11-18
75,-,心理气象站,2025-10-16,7000-9000,0-5%,25%-50%,￥0-1000,2025-11-18
76,反骨恋爱基因｜测你该反年上or年下,xiaoxiao6今天也不想上班,2025-11-07,1万-3万,5%-15%,25%-50%,￥0-1000,2025-11-18
77,灵魂拷问！你的基因选择了年上or年下？,xiaoxiao6今天也不想上班,2025-11-06,3000-5000,5%-15%,25%-50%,￥0-1000,2025-11-18
78,医院是怎么确诊抑郁/焦虑症的？,若愚心理观测站,2025-09-17,3000-5000,0-5%,25%-50%,￥0-1000,2025-11-18
79,肌肉抽搐跳动，原来是焦虑躯体化,多兰.心理测评,2025-09-05,7000-9000,0-5%,25%-50%,￥0-1000,2025-11-18
80,26考研政治苏一老师全程班保命班持续更新,100%上岸,2025-09-11,1000-3000,15%-25%,25%-50%,￥0-1000,2025-11-18
81,假千金她在地府暴富逆袭了,轻轻茉莉,2025-11-12,5000-7000,0-5%,25%-50%,￥0-1000,2025-11-18
82,原来 每一题都会令我沉思,菜菜的社交心法,2025-11-10,5万-7万,0-5%,25%-50%,￥0-1000,2025-11-18
83,凡间小妖顶替我身份后杀疯了,轻轻茉莉,2025-11-13,3000-5000,0-5%,25%-50%,￥0-1000,2025-11-18
84,突然发现我比自己想象中更爱钱,一二测试,2025-11-15,5万-7万,0-5%,25%-50%,￥0-1000,2025-11-18
85,双相平稳了，生活也平静了,疗愈心灵的港湾,2025-10-22,5000-7000,0-5%,25%-50%,￥0-1000,2025-11-18
86,未寄往黎明的病中札记,她,2025-11-14,3000-5000,0-5%,25%-50%,￥0-1000,2025-11-18
87,囚婚五年：直到我死，他才懂我的苦衷,她,2025-11-12,3000-5000,0-5%,25%-50%,￥0-1000,2025-11-18
88,-,离雨淬阁,2025-09-01,1000-3000,25%-50%,25%-50%,￥0-1000,2025-11-18
89,✨ 考研党集合！政治提分密码找到了！ ✨,慧妍学姐,2025-10-07,1000-3000,15%-25%,25%-50%,￥0-1000,2025-11-18
90,《梅岭三章》课件,章鱼小丸子168,2025-09-13,1000-3000,5%-15%,25%-50%,￥0-1000,2025-11-18
91,前任大佬求复合，我带娃拒之门外,困困猫,2025-11-16,3000-5000,5%-15%,25%-50%,￥0-1000,2025-11-18
92,网恋钓鱼还跑路，被抓到是会被狠狠惩罚的,窝是小花,2025-10-10,1000-3000,5%-15%,25%-50%,￥0-1000,2025-11-18
93,看心理医生挂什么科？大概要花多少钱？,一令_心理（不私聊）,2025-09-30,5000-7000,0-5%,25%-50%,￥0-1000,2025-11-18
94,和离后前夫跪求我回头,轻轻茉莉,2025-11-17,3000-5000,0-5%,25%-50%,￥0-1000,2025-11-18
95,总是很想哭，是心理出问题了？,身心疗愈心理研究院,2025-10-25,5000-7000,0-5%,25%-50%,￥0-1000,2025-11-18
96,心理年龄小的人都是在爱里长大的,身心疗愈研究院whh,2025-11-10,1000-3000,5%-15%,25%-50%,￥0-1000,2025-11-18
97,1分30秒让我明白了动物塑测试为什么那么火,菜菜的社交心法,2025-11-08,1万-3万,0-5%,25%-50%,￥0-1000,2025-11-18
98,HR揭秘：大厂HR最爱的简历模板长这样！,大学生求职简历模板,2025-09-05,7000-9000,5%-15%,25%-50%,￥0-1000,2025-11-18
99,一躺下就控制不住乱想，睡不着｜强迫焦虑,一令_心理（不私聊）,2025-10-07,5000-7000,0-5%,25%-50%,￥0-1000,2025-11-18
100,🌟简历小白有救了！既实用又免费简历模板,瀚海素材店,2025-10-27,1万-3万,25%-50%,25%-50%,￥0-1000,2025-11-18
101,焦虑到这种程度，说明你该看心理医生了,玺宁心理检测站,2025-08-28,3000-5000,0-5%,25%-50%,￥0-1000,2025-11-18
102,早熟和晚熟很大程度上取决于童年成长环境,身心疗愈研究院whh,2025-11-15,9000-1万,0-5%,25%-50%,￥0-1000,2025-11-18
103,焦虑症其实是长期恐惧引发的神经疲劳,Apple身心疗愈研究室,2025-10-20,1000-3000,0-5%,25%-50%,￥0-1000,2025-11-18
104,最近闪购外卖红包偷偷变大了,我要吃,2025-10-20,1000-3000,5%-15%,25%-50%,￥0-1000,2025-11-18
105,在家五分钟自测焦虑抑郁症,身心疗愈心理研究院,2025-09-09,9000-1万,15%-25%,25%-50%,￥0-1000,2025-11-18
106,0.1🥕⌨️浮力｜极简键盘,春日野(自动发货),2025-10-10,1万-3万,0-5%,25%-50%,￥0-1000,2025-11-18
107,重生十次，真千金的复仇游戏,她,2025-11-07,3000-5000,0-5%,25%-50%,￥0-1000,2025-11-18
108,云端匹配｜测你的年上or年下恋人,xiaoxiao6今天也不想上班,2025-11-08,1000-3000,5%-15%,25%-50%,￥0-1000,2025-11-18
109,如果世界是一片漆黑的森林，你选择成为?,菲儿---,2025-11-12,5万-7万,0-5%,25%-50%,￥0-1000,2025-11-18
110,缺爱的人，心理年龄都比实际小？？？,乐绪,2025-10-27,3000-5000,0-5%,25%-50%,￥0-1000,2025-11-18
111,第一次去看心理医生的大概流程和花销,若愚心理观测站,2025-10-15,1000-3000,0-5%,25%-50%,￥0-1000,2025-11-18
112,INFJ表面佛系，实则占有欲拉满的纯爱恋爱脑！,Lucky心理测试研究所,2025-11-12,7000-9000,5%-15%,25%-50%,￥0-1000,2025-11-18
113,和你们占有欲低的人没什么好讲的,元宝家的,2025-11-12,10万以上,0-5%,25%-50%,￥0-1000,2025-11-18
114,抑郁的人假装开心去医院会被发现吗？,心理扫码站,2025-11-14,1万-3万,0-5%,25%-50%,￥0-1000,2025-11-18
115,抑郁症时候的文字好有感染力…,疗愈心灵的港湾,2025-09-26,1万-3万,0-5%,25%-50%,￥0-1000,2025-11-18
116,🎊成长必修课：珍爱生命健康成长主题PPT,一颗番茄老师,2025-09-19,1000-3000,5%-15%,25%-50%,￥0-1000,2025-11-18
117,26曲艺技巧班高清不加密,豆鲨包ye2,2025-10-21,1000-3000,15%-25%,25%-50%,￥0-1000,2025-11-18
118,承认吧！你内心藏着一个小恶魔！还是偏科的。,心灵探索星球,2025-10-06,1000-3000,5%-15%,25%-50%,￥0-1000,2025-11-18
119,《咎由自取》小说,第二支羽毛,2025-10-23,5000-7000,0-5%,25%-50%,￥0-1000,2025-11-18
120,有时候得了抑郁症，自己都不知道,身心疗愈心理研究院,2025-09-15,1000-3000,0-5%,25%-50%,￥0-1000,2025-11-18
121,动不动就想哭，是抑郁了吗？,心理扫码站,2025-10-15,5000-7000,5%-15%,25%-50%,￥0-1000,2025-11-18
122,原来我早就抑郁了，我以为是装的😂,SCL90心理测试站,2025-10-13,5000-7000,5%-15%,25%-50%,￥0-1000,2025-11-18
123,人格障碍诊断（PDQ4+）,心理交流站,2025-10-04,3000-5000,5%-15%,25%-50%,￥0-1000,2025-11-18
124,书法字体~ps书法字体procreate书法字体~,亦语字体库,2025-09-13,1000-3000,15%-25%,25%-50%,￥0-1000,2025-11-18
125,请焦虑症患者记住：这才是「不焦虑」的日常,心安小栈,2025-10-04,1万-3万,0-5%,25%-50%,￥0-1000,2025-11-18
126,看清依然深刻的那些“伤” 才是自愈的开始,元点测试,2025-10-01,3000-5000,5%-15%,25%-50%,￥0-1000,2025-11-18
127,一时分不清是夸人还是骂人,暖心拾星,2025-11-09,5000-7000,0-5%,25%-50%,￥0-1000,2025-11-18
128,怎么判断自己是真抑郁还是不开心？,心理扫码站,2025-08-30,1000-3000,5%-15%,25%-50%,￥0-1000,2025-11-18
129,🔥动物塑形象测试（附🔗,Light心理疗愈屋,2025-11-07,1000-3000,5%-15%,25%-50%,￥0-1000,2025-11-18
130,💥焦虑正在啃食你的身体｜00后集体中枪‼️🆘,心理健康分享理疗所,2025-10-13,3000-5000,0-5%,25%-50%,￥0-1000,2025-11-18
131,一直以为是合理的身体反应...,情绪心理测试题,2025-09-15,1万-3万,0-5%,25%-50%,￥0-1000,2025-11-18
132,八维测试,心理能量站,2025-11-08,3万-5万,5%-15%,25%-50%,￥0-1000,2025-11-18
133,找到自己的天赋体验命运的推背感,而研测试,2025-11-13,1000-3000,0-5%,25%-50%,￥0-1000,2025-11-18
134,PDQ-4+人格障碍筛查问卷线上专业版,心理交流站,2025-10-16,1000-3000,5%-15%,25%-50%,￥0-1000,2025-11-18
135,"总偏头疼以为没休息好,原来是躯体化",玺宁心理检测站,2025-11-06,1万-3万,0-5%,25%-50%,￥0-1000,2025-11-18
136,没想到我的心脏疼竟然是情绪引起的,心安小栈,2025-10-29,7000-9000,0-5%,25%-50%,￥0-1000,2025-11-18
137,你✖️为母踏风尘他,我要吃蛋挞103,2025-09-28,9000-1万,0-5%,25%-50%,￥0-1000,2025-11-18
138,抑郁症/焦虑症去看医生大概要花多少钱？,心理解码屋,2025-09-20,7000-9000,0-5%,25%-50%,￥0-1000,2025-11-18
139,真会有人原生家庭零伤痛值吗？反正我很痛,而研测试,2025-10-25,5000-7000,0-5%,25%-50%,￥0-1000,2025-11-18
140,风象星座 你抓不住的风,元宝家的,2025-11-15,3000-5000,0-5%,25%-50%,￥0-1000,2025-11-18
141,原来这是抑郁躯体化，我以为咖啡喝多了,身心疗愈心理研究院,2025-09-09,5000-7000,0-5%,25%-50%,￥0-1000,2025-11-18
142,奇洛李维斯回信by清明谷雨小说txt双男主bl,momo,2025-08-28,1000-3000,5%-15%,25%-50%,￥0-1000,2025-11-18
143,失恋本身不是最痛的，痛的是抑郁和心脉受损,心安小栈,2025-11-04,5000-7000,0-5%,25%-50%,￥0-1000,2025-11-18
144,怎么选都是痛,元宝家的,2025-11-09,10万以上,0-5%,25%-50%,￥0-1000,2025-11-18
145,不用再找了❗️,元宝家的,2025-11-02,1000-3000,5%-15%,25%-50%,￥0-1000,2025-11-18
146,分数这么高！我不会是NPD人格吧？,测测星海,2025-10-10,1000-3000,5%-15%,25%-50%,￥0-1000,2025-11-18
147,PDF文件一键转换word文档免费使用,职场easy,2025-11-05,1000-3000,15%-25%,25%-50%,￥0-1000,2025-11-18
148,女将军新婚夜被副将挑衅反杀,轻轻茉莉,2025-11-11,1万-3万,0-5%,25%-50%,￥0-1000,2025-11-18
149,3分钟测的焦虑抑郁状态，专业，高效！,Lullaby心理疗愈,2025-10-05,1万-3万,0-5%,25%-50%,￥0-1000,2025-11-18
150,压抑和开放这一块/,小暖心灵疗愈室,2025-11-05,10万以上,0-5%,25%-50%,￥0-1000,2025-11-18
151,测完瞳孔地震！本天蝎ENFP竟被年上狠狠拿捏,xiaoxiao6今天也不想上班,2025-11-04,1万-3万,5%-15%,25%-50%,￥0-1000,2025-11-18
152,《回忆我的母亲》PPT,林礼均,2025-11-10,1000-3000,5%-15%,25%-50%,￥0-1000,2025-11-18
153,当你变成他想要的乖孩子,羊圈里羊不咩,2025-10-09,5000-7000,0-5%,25%-50%,￥0-1000,2025-11-18
154,金字塔图谱看透TA内心,OC资料局,2025-11-16,5000-7000,0-5%,25%-50%,￥0-1000,2025-11-18
155,错案迷局与人性暗面——《都是她的错》的惊悚,BADMoMo,2025-11-06,3000-5000,0-5%,25%-50%,￥0-1000,2025-11-18
156,导：这才是我喜欢看的中期答辩PPT🥰,香草的百宝箱,2025-09-27,1000-3000,5%-15%,25%-50%,￥0-1000,2025-11-18
157,MBTI+星座解码！你注定被年上还是年下征服？,xiaoxiao6今天也不想上班,2025-11-05,1000-3000,5%-15%,25%-50%,￥0-1000,2025-11-18
158,英语六级历年真题1990-2025.06完整带解析版,小轩素材,2025-08-26,3000-5000,15%-25%,25%-50%,￥1000-5000,2025-11-18
159,年上年下恋爱倾向测试，含激活码👇,麦朵麦朵,2025-11-15,1000-3000,25%-50%,25%-50%,￥0-1000,2025-11-18
160,BPD边缘型人格障碍在线测试，测完秒出结果,星语心理社,2025-10-18,1000-3000,5%-15%,25%-50%,￥0-1000,2025-11-18
161,INFJ纯爱战神实锤，占有欲拉满才是顶级浪漫,心理能量站,2025-11-13,3000-5000,5%-15%,25%-50%,￥0-1000,2025-11-18
162,电脑or手机可制作的简历模板 | 3分钟搞定！,学姐阿妍-,2025-11-05,1万-3万,5%-15%,25%-50%,￥0-1000,2025-11-18
163,新视野大学英语英语全套PDF合集来咯🌷,小八爱学习,2025-10-30,1000-3000,5%-15%,25%-50%,￥0-1000,2025-11-18
164,再强调一遍，这就是躯体化症状,Apple身心疗愈研究室,2025-10-04,1万-3万,0-5%,25%-50%,￥0-1000,2025-11-18
165,胸闷气短，老想深呼吸，原来是焦虑躯体化,一令_心理（不私聊）,2025-09-26,1万-3万,0-5%,25%-50%,￥0-1000,2025-11-18
166,你最不能容忍的背叛是什么？,拾夏日记,2025-11-11,10万以上,0-5%,25%-50%,￥0-1000,2025-11-18
167,26考研徐涛每月时政热点汇总！,小涵学长,2025-10-08,1000-3000,5%-15%,25%-50%,￥0-1000,2025-11-18
168,头一抽一抽痛，原来是焦虑躯体化了,心理气象站,2025-10-11,5000-7000,0-5%,25%-50%,￥0-1000,2025-11-18
169,@你的另一半来测！你俩是「绝配」还是「互虐」？,锚点 7-1,2025-10-07,1万-3万,0-5%,25%-50%,￥0-1000,2025-11-18
170,-,心理气象站,2025-11-09,3万-5万,0-5%,25%-50%,￥0-1000,2025-11-18
171,不去医院排队的ADHD初筛神器！,成长健康小站,2025-10-26,1000-3000,5%-15%,25%-50%,￥0-1000,2025-11-18
172,199管综真题及答案解析（2009-2025）,离雨淬阁,2025-10-02,3000-5000,15%-25%,25%-50%,￥0-1000,2025-11-18
173,-,身心疗愈心理社,2025-11-15,3000-5000,0-5%,25%-50%,￥0-1000,2025-11-18
174,-,高压电主5679,2025-10-13,7000-9000,0-5%,25%-50%,￥0-1000,2025-11-18
175,天塌了，发现自己有施nue倾向还恋爱脑😅,自我探索之旅,2025-10-30,7000-9000,0-5%,25%-50%,￥0-1000,2025-11-18
176,孕肚露馅后，冷脸前夫他跪了,诗与序幕,2025-11-13,3000-5000,5%-15%,25%-50%,￥0-1000,2025-11-18
177,🔥如果你有动物塑，你希望是什么（🍎/安卓可,Light心理疗愈屋,2025-11-09,1万-3万,5%-15%,25%-50%,￥0-1000,2025-11-18
178,-,青葱鱼块,2025-11-16,9000-1万,0-5%,25%-50%,￥0-1000,2025-11-18
179,有这种程度的内耗，建议去看看,情绪心理测试题,2025-09-17,7000-9000,0-5%,25%-50%,￥0-1000,2025-11-18
180,考研党必看！政治速记顺口溜来啦,无声缘,2025-10-17,1000-3000,5%-15%,25%-50%,￥0-1000,2025-11-18
181,手机/电脑可制作的简历，4分钟搞定❗️❗️,阿啾爱学习,2025-09-07,1万-3万,5%-15%,25%-50%,￥0-1000,2025-11-18
182,好朋友给我发了这个…,应答之镜,2025-11-05,1万-3万,0-5%,25%-50%,￥0-1000,2025-11-18
183,自己画的论文技术路线图，被导师夸了！！,芦亦莘,2025-08-29,7000-9000,5%-15%,25%-50%,￥0-1000,2025-11-18
184,五数上家长会太赞了，直接用就完事了！,慢愿,2025-08-22,1000-3000,5%-15%,25%-50%,￥0-1000,2025-11-18
185,怎么判断自己是真焦虑还是假焦虑？,coconut心理疗愈所,2025-08-20,1000-3000,5%-15%,25%-50%,￥0-1000,2025-11-18
186,有这种程度的内耗去看看心理医生了,身心疗愈心理研究院,2025-09-17,5000-7000,0-5%,25%-50%,￥0-1000,2025-11-18
187,如何知道自己有焦虑症/抑郁症？,身心疗愈心理研究院,2025-09-26,1万-3万,5%-15%,25%-50%,￥0-1000,2025-11-18
188,很困却睡不着，胸闷心悸，原来是焦虑发作,SCL90心理测试站,2025-09-20,1万-3万,0-5%,25%-50%,￥0-1000,2025-11-18
189,那就大大方方承认吧,应答之镜,2025-11-10,5000-7000,5%-15%,25%-50%,￥0-1000,2025-11-18
190,-,星星之火,2025-08-21,1000-3000,5%-15%,25%-50%,￥0-1000,2025-11-18
191,26考研英语｜石雷鹏大/小作文“保命”笔记合集,助你上岸研究所,2025-09-16,1万-3万,5%-15%,25%-50%,￥1000-5000,2025-11-18
192,-,心理气象站,2025-11-06,1万-3万,0-5%,25%-50%,￥0-1000,2025-11-18
193,保研面试ppt，适合夏令营/预推免保研学生,有趣 简历,2025-09-17,1000-3000,5%-15%,25%-50%,￥0-1000,2025-11-18
194,-,农产品红薯批发,2025-11-01,3000-5000,25%-50%,25%-50%,￥0-1000,2025-11-18
195,团建速存！60个趣味惩罚小游戏现场氛围拉满！,梗王游戏库,2025-10-29,1000-3000,5%-15%,25%-50%,￥0-1000,2025-11-18
196,和朋友测完动物塑就这么剪,菜菜的社交心法,2025-11-10,1万-3万,0-5%,25%-50%,￥0-1000,2025-11-18
197,26肖八pdf,上岸稳学长,2025-11-14,1000-3000,5%-15%,25%-50%,￥0-1000,2025-11-18
198,不想休学不想退学也不想上学，咋办？,玺宁心理检测站,2025-11-06,3000-5000,0-5%,25%-50%,￥0-1000,2025-11-18
199,-,高压电主5679,2025-10-12,1000-3000,5%-15%,25%-50%,￥0-1000,2025-11-18
200,最容易被cue的16mbti刻板表情,寻己,2025-10-27,10万以上,0-5%,25%-50%,￥0-1000,2025-11-18